X , ccb , ccm , ccd, ccn
9 , 290.51832257, 5.205, 0.87478e-6, 2.86e-3

